hvfhs_license_num,dispatching_base_num,pickup_datetime,dropoff_datetime,PULocationID,DOLocationID,SR_Flag
HV0003,B02764,2021-02-01 00:10:40,2021-02-01 00:21:09,35,39,
HV0003,B02764,2021-02-01 00:27:23,2021-02-01 00:44:01,39,35,
HV0005,B02510,2021-02-01 00:28:38,2021-02-01 00:38:27,39,91,
HV0005,B02510,2021-02-01 00:43:37,2021-02-01 01:23:20,91,228,
HV0003,B02872,2021-02-01 00:08:42,2021-02-01 00:17:57,126,250,
HV0003,B02872,2021-02-01 00:26:02,2021-02-01 00:42:51,208,243,
HV0003,B02872,2021-02-01 00:45:50,2021-02-01 01:02:50,243,220,
HV0003,B02764,2021-02-01 00:06:42,2021-02-01 00:31:50,49,37,
HV0003,B02764,2021-02-01 00:34:34,2021-02-01 00:58:13,37,76,
HV0005,B02510,2021-02-01 00:03:43,2021-02-01 00:39:37,80,241,
HV0005,B02510,2021-02-01 00:55:36,2021-02-01 01:08:39,174,51,
HV0005,B02510,2021-02-01 00:06:13,2021-02-01 00:33:45,235,129,
HV0005,B02510,2021-02-01 00:42:24,2021-02-01 01:11:31,129,169,
HV0003,B02764,2021-02-01 00:07:05,2021-02-01 00:20:53,226,82,
HV0003,B02764,2021-02-01 00:28:56,2021-02-01 00:33:59,82,129,
HV0003,B02764,2021-02-01 00:44:53,2021-02-01 01:07:54,7,79,
HV0003,B02888,2021-02-01 00:17:55,2021-02-01 00:34:41,4,170,
HV0003,B02888,2021-02-01 00:38:14,2021-02-01 00:59:20,164,42,
HV0004,B02800,2021-02-01 00:08:04,2021-02-01 00:24:41,237,4,
HV0004,B02800,2021-02-01 00:30:44,2021-02-01 00:41:26,107,45,
HV0004,B02800,2021-02-01 00:52:25,2021-02-01 01:29:48,249,226,
HV0003,B02883,2021-02-01 00:01:45,2021-02-01 00:16:45,37,256,
HV0003,B02883,2021-02-01 00:22:28,2021-02-01 00:32:37,217,256,
HV0003,B02883,2021-02-01 00:37:50,2021-02-01 00:44:38,256,80,
HV0003,B02883,2021-02-01 00:53:16,2021-02-01 01:12:21,256,225,
HV0003,B02764,2021-02-01 00:05:49,2021-02-01 00:12:26,247,119,
HV0003,B02764,2021-02-01 00:18:14,2021-02-01 00:31:51,247,47,
HV0003,B02764,2021-02-01 00:45:31,2021-02-01 00:50:31,169,247,
HV0003,B02764,2021-02-01 00:56:11,2021-02-01 01:06:50,69,47,
HV0005,B02510,2021-02-01 00:27:14,2021-02-01 00:37:47,165,210,
HV0005,B02510,2021-02-01 00:45:40,2021-02-01 01:06:20,210,89,
HV0003,B02867,2021-02-01 00:05:04,2021-02-01 00:26:45,223,53,
HV0003,B02867,2021-02-01 00:32:45,2021-02-01 00:57:25,53,7,
HV0003,B02864,2021-02-01 00:03:10,2021-02-01 00:14:00,231,79,
HV0003,B02864,2021-02-01 00:18:19,2021-02-01 00:28:17,107,4,
HV0003,B02864,2021-02-01 00:59:25,2021-02-01 01:23:28,79,238,
HV0003,B02835,2021-02-01 00:22:50,2021-02-01 00:35:09,243,41,
HV0003,B02835,2021-02-01 00:41:17,2021-02-01 01:01:02,42,250,
HV0003,B02872,2021-02-01 00:07:06,2021-02-01 00:19:08,48,233,
HV0003,B02872,2021-02-01 00:23:54,2021-02-01 00:38:09,233,75,
HV0003,B02872,2021-02-01 00:52:12,2021-02-01 00:56:52,41,41,
HV0003,B02869,2021-02-01 00:15:41,2021-02-01 00:44:17,38,265,
HV0005,B02510,2021-02-01 00:25:06,2021-02-01 00:40:02,18,243,
HV0005,B02510,2021-02-01 00:42:42,2021-02-01 01:07:36,243,220,
HV0005,B02510,2021-02-01 00:07:31,2021-02-01 00:37:37,231,61,
HV0005,B02510,2021-02-01 00:43:11,2021-02-01 00:52:18,61,61,
HV0005,B02510,2021-02-01 00:57:48,2021-02-01 01:17:14,61,39,
HV0005,B02510,2021-02-01 00:55:18,2021-02-01 01:09:45,169,168,
HV0005,B02510,2021-02-01 00:25:13,2021-02-01 00:30:34,72,72,
HV0005,B02510,2021-02-01 00:46:47,2021-02-01 01:29:32,77,117,
HV0003,B02764,2021-02-01 00:08:24,2021-02-01 00:22:58,173,129,
HV0003,B02764,2021-02-01 00:27:59,2021-02-01 00:36:11,129,129,
HV0003,B02764,2021-02-01 00:44:13,2021-02-01 00:51:56,173,82,
HV0003,B02764,2021-02-01 00:00:53,2021-02-01 00:30:59,243,129,
HV0003,B02764,2021-02-01 00:36:22,2021-02-01 00:48:45,129,173,
HV0003,B02764,2021-02-01 00:58:38,2021-02-01 01:06:34,129,173,
HV0005,B02510,2021-02-01 00:45:26,2021-02-01 01:07:35,36,72,
HV0005,B02510,2021-02-01 00:34:18,2021-02-01 00:55:35,227,189,
HV0005,B02510,2021-02-01 00:43:08,2021-02-01 00:49:25,174,265,
HV0005,B02510,2021-02-01 00:59:26,2021-02-01 01:10:53,174,81,
HV0003,B02878,2021-02-01 00:02:41,2021-02-01 00:10:58,186,211,
HV0003,B02878,2021-02-01 00:15:29,2021-02-01 00:23:40,211,79,
HV0003,B02764,2021-02-01 00:01:15,2021-02-01 00:08:34,147,47,
HV0003,B02764,2021-02-01 00:17:22,2021-02-01 00:23:50,60,167,
HV0005,B02510,2021-02-01 00:00:35,2021-02-01 00:21:04,67,188,
HV0005,B02510,2021-02-01 00:40:38,2021-02-01 00:49:06,97,49,
HV0005,B02510,2021-02-01 00:14:08,2021-02-01 00:34:58,177,89,
HV0005,B02510,2021-02-01 00:42:05,2021-02-01 01:05:08,165,77,
HV0003,B02836,2021-02-01 00:19:25,2021-02-01 00:38:40,148,145,
HV0003,B02836,2021-02-01 00:52:01,2021-02-01 01:11:53,179,82,
HV0005,B02510,2021-02-01 00:28:58,2021-02-01 01:12:10,70,265,
HV0003,B02617,2021-02-01 00:13:51,2021-02-01 00:47:24,55,227,
HV0005,B02510,2021-02-01 00:15:51,2021-02-01 00:39:11,112,262,
HV0005,B02510,2021-02-01 00:48:35,2021-02-01 01:14:25,140,260,
HV0003,B02835,2021-02-01 00:12:06,2021-02-01 00:19:25,263,75,
HV0003,B02835,2021-02-01 00:24:13,2021-02-01 00:41:59,75,167,
HV0003,B02869,2021-02-01 00:00:15,2021-02-01 00:08:32,174,94,
HV0003,B02869,2021-02-01 00:24:40,2021-02-01 00:45:49,18,200,
HV0003,B02869,2021-02-01 00:52:26,2021-02-01 00:55:56,200,200,
HV0005,B02510,2021-02-01 00:55:50,2021-02-01 01:41:35,132,190,
HV0003,B02869,2021-02-01 00:11:47,2021-02-01 00:23:26,215,130,
HV0005,B02510,2021-02-01 00:11:18,2021-02-01 00:32:11,166,74,
HV0005,B02510,2021-02-01 00:47:08,2021-02-01 02:53:30,74,265,
HV0003,B02872,2021-02-01 00:29:13,2021-02-01 00:34:29,170,107,
HV0003,B02872,2021-02-01 00:38:17,2021-02-01 00:41:33,170,137,
HV0003,B02872,2021-02-01 00:51:27,2021-02-01 00:58:02,161,186,
HV0005,B02510,2021-02-01 00:20:45,2021-02-01 00:41:51,144,133,
HV0005,B02510,2021-02-01 00:06:58,2021-02-01 00:18:31,119,47,
HV0005,B02510,2021-02-01 00:33:10,2021-02-01 00:54:22,69,241,
HV0003,B02879,2021-02-01 00:09:11,2021-02-01 00:29:41,32,69,
HV0003,B02879,2021-02-01 00:35:05,2021-02-01 00:50:08,69,212,
HV0003,B02879,2021-02-01 00:58:06,2021-02-01 01:07:28,167,242,
HV0003,B02836,2021-02-01 00:04:37,2021-02-01 00:27:56,55,55,
HV0003,B02836,2021-02-01 00:31:44,2021-02-01 00:35:48,55,55,
HV0005,B02510,2021-02-01 00:14:23,2021-02-01 00:38:39,41,69,
HV0005,B02510,2021-02-01 00:10:49,2021-02-01 00:18:31,76,77,
HV0005,B02510,2021-02-01 00:34:46,2021-02-01 00:53:24,63,198,
HV0005,B02510,2021-02-01 00:33:58,2021-02-01 00:38:32,141,162,
HV0005,B02510,2021-02-01 00:46:17,2021-02-01 00:59:42,161,41,
HV0005,B02510,2021-02-01 00:02:21,2021-02-01 00:18:31,126,42,
HV0005,B02510,2021-02-01 00:22:23,2021-02-01 00:31:09,42,74,
HV0005,B02510,2021-02-01 00:35:27,2021-02-01 00:57:00,74,3,
HV0003,B02872,2021-02-01 00:13:40,2021-02-01 00:27:25,244,169,
HV0003,B02872,2021-02-01 00:42:50,2021-02-01 00:56:23,136,78,
HV0003,B02764,2021-02-01 00:03:09,2021-02-01 00:06:47,254,81,
HV0003,B02764,2021-02-01 00:14:07,2021-02-01 00:29:27,254,94,
HV0003,B02764,2021-02-01 00:33:10,2021-02-01 00:48:40,94,69,
HV0003,B02872,2021-02-01 00:13:05,2021-02-01 00:19:32,236,239,
HV0003,B02872,2021-02-01 00:25:42,2021-02-01 00:47:59,236,231,
HV0003,B02765,2021-02-01 00:04:21,2021-02-01 00:22:00,47,51,
HV0003,B02870,2021-02-01 00:25:14,2021-02-01 00:31:53,85,71,
HV0003,B02870,2021-02-01 00:38:31,2021-02-01 00:52:24,71,35,
HV0003,B02870,2021-02-01 00:56:44,2021-02-01 01:08:54,35,61,
HV0005,B02510,2021-02-01 00:14:28,2021-02-01 00:23:01,26,26,
HV0005,B02510,2021-02-01 00:46:55,2021-02-01 01:05:08,26,71,
HV0005,B02510,2021-02-01 00:10:23,2021-02-01 00:29:51,148,142,
HV0005,B02510,2021-02-01 00:34:48,2021-02-01 00:51:37,142,79,
HV0005,B02510,2021-02-01 00:59:01,2021-02-01 01:16:09,79,142,
HV0003,B02835,2021-02-01 00:35:03,2021-02-01 00:38:52,116,116,
HV0005,B02510,2021-02-01 00:26:20,2021-02-01 00:59:36,76,188,
HV0005,B02510,2021-02-01 00:21:00,2021-02-01 00:29:33,234,231,
HV0005,B02510,2021-02-01 00:36:09,2021-02-01 00:47:11,231,186,
HV0005,B02510,2021-02-01 00:51:04,2021-02-01 01:09:13,90,262,
HV0003,B02866,2021-02-01 00:17:59,2021-02-01 00:36:00,188,89,
HV0003,B02872,2021-02-01 00:10:01,2021-02-01 00:29:25,53,70,
HV0005,B02510,2021-02-01 00:25:09,2021-02-01 00:42:05,174,254,
HV0005,B02510,2021-02-01 00:54:07,2021-02-01 01:07:54,254,265,
HV0003,B02884,2021-02-01 00:03:09,2021-02-01 00:22:00,5,44,
HV0005,B02510,2021-02-01 00:21:06,2021-02-01 00:58:22,227,225,
HV0003,B02872,2021-02-01 00:10:21,2021-02-01 00:31:04,244,265,
HV0005,B02510,2021-02-01 00:23:02,2021-02-01 00:56:37,132,170,
HV0005,B02510,2021-02-01 00:00:14,2021-02-01 00:40:48,42,37,
HV0005,B02510,2021-02-01 00:44:52,2021-02-01 00:55:00,225,61,
HV0005,B02510,2021-02-01 00:58:55,2021-02-01 01:08:30,61,62,
HV0003,B02888,2021-02-01 00:27:44,2021-02-01 00:41:04,62,61,
HV0003,B02888,2021-02-01 00:45:09,2021-02-01 01:05:46,225,112,
HV0003,B02887,2021-02-01 00:00:28,2021-02-01 00:12:34,205,218,
HV0003,B02887,2021-02-01 00:22:40,2021-02-01 00:43:23,203,86,
HV0003,B02887,2021-02-01 00:51:52,2021-02-01 01:01:39,86,117,
HV0003,B02887,2021-02-01 00:11:17,2021-02-01 00:29:56,58,20,
HV0003,B02887,2021-02-01 00:38:07,2021-02-01 00:56:45,78,213,
HV0005,B02510,2021-02-01 00:08:11,2021-02-01 00:28:44,181,85,
HV0003,B02872,2021-02-01 00:08:17,2021-02-01 00:14:47,14,14,
HV0003,B02872,2021-02-01 00:45:24,2021-02-01 00:56:56,113,68,
HV0005,B02510,2021-02-01 00:14:17,2021-02-01 00:52:18,256,143,
HV0003,B02866,2021-02-01 00:38:54,2021-02-01 00:49:43,92,56,
HV0005,B02510,2021-02-01 00:08:57,2021-02-01 00:42:24,72,10,
HV0003,B02764,2021-02-01 00:07:43,2021-02-01 00:21:21,177,76,
HV0003,B02869,2021-02-01 00:15:48,2021-02-01 00:19:22,141,262,
HV0003,B02869,2021-02-01 00:24:39,2021-02-01 00:31:09,236,239,
HV0003,B02869,2021-02-01 00:40:33,2021-02-01 00:48:50,239,143,
HV0003,B02512,2021-02-01 00:15:04,2021-02-01 00:27:55,135,129,
HV0003,B02512,2021-02-01 00:57:59,2021-02-01 01:09:47,92,70,
HV0005,B02510,2021-02-01 00:04:24,2021-02-01 00:34:01,186,147,
HV0005,B02510,2021-02-01 00:42:56,2021-02-01 00:54:32,213,168,
HV0005,B02510,2021-02-01 00:59:19,2021-02-01 01:14:02,168,212,
HV0005,B02510,2021-02-01 00:04:19,2021-02-01 00:13:50,217,17,
HV0005,B02510,2021-02-01 00:19:13,2021-02-01 00:35:24,17,195,
HV0003,B02764,2021-02-01 00:11:57,2021-02-01 00:49:55,168,228,
HV0005,B02510,2021-02-01 00:50:44,2021-02-01 01:02:38,231,158,
HV0005,B02510,2021-02-01 00:06:05,2021-02-01 00:19:46,60,213,
HV0005,B02510,2021-02-01 00:28:41,2021-02-01 00:48:15,213,241,
HV0005,B02510,2021-02-01 00:57:49,2021-02-01 01:28:44,132,39,
HV0003,B02877,2021-02-01 00:05:36,2021-02-01 00:18:00,169,20,
HV0003,B02877,2021-02-01 00:26:08,2021-02-01 00:34:32,94,18,
HV0003,B02877,2021-02-01 00:42:40,2021-02-01 01:01:53,20,200,
HV0003,B02617,2021-02-01 00:08:36,2021-02-01 00:14:55,18,94,
HV0003,B02617,2021-02-01 00:21:38,2021-02-01 00:32:13,47,248,
HV0003,B02617,2021-02-01 00:36:01,2021-02-01 00:40:50,212,248,
HV0003,B02617,2021-02-01 00:46:41,2021-02-01 00:57:53,212,168,
HV0005,B02510,2021-02-01 00:45:35,2021-02-01 01:02:26,152,169,
HV0003,B02866,2021-02-01 00:06:49,2021-02-01 00:30:45,185,152,
HV0005,B02510,2021-02-01 00:23:21,2021-02-01 00:32:38,115,206,
HV0005,B02510,2021-02-01 00:39:12,2021-02-01 00:54:27,206,118,
HV0005,B02510,2021-02-01 00:07:24,2021-02-01 00:14:46,244,243,
HV0005,B02510,2021-02-01 00:38:41,2021-02-01 00:50:00,74,74,
HV0003,B02872,2021-02-01 00:04:59,2021-02-01 00:11:46,91,91,
HV0003,B02866,2021-02-01 00:32:18,2021-02-01 00:44:01,166,75,
HV0003,B02877,2021-02-01 00:29:37,2021-02-01 00:37:55,74,168,
HV0003,B02877,2021-02-01 00:43:05,2021-02-01 00:49:05,168,159,
HV0003,B02877,2021-02-01 00:57:33,2021-02-01 01:10:42,247,235,
HV0003,B02888,2021-02-01 00:03:03,2021-02-01 00:18:04,200,265,
HV0003,B02682,2021-02-01 00:47:30,2021-02-01 01:39:42,42,39,
HV0003,B02888,2021-02-01 00:12:31,2021-02-01 00:31:59,205,218,
HV0003,B02888,2021-02-01 00:36:40,2021-02-01 00:43:15,218,10,
HV0003,B02888,2021-02-01 00:50:58,2021-02-01 01:01:57,132,10,
HV0005,B02510,2021-02-01 00:01:34,2021-02-01 00:29:17,177,135,
HV0005,B02510,2021-02-01 00:38:36,2021-02-01 00:54:34,192,129,
HV0005,B02510,2021-02-01 00:36:03,2021-02-01 00:52:11,233,209,
HV0005,B02510,2021-02-01 00:10:56,2021-02-01 00:41:30,97,75,
HV0005,B02510,2021-02-01 00:55:01,2021-02-01 01:05:45,74,166,
HV0003,B02875,2021-02-01 00:31:49,2021-02-01 00:45:40,140,151,
HV0003,B02875,2021-02-01 00:52:51,2021-02-01 00:55:59,238,238,
HV0003,B02875,2021-02-01 00:00:52,2021-02-01 00:07:19,159,116,
HV0003,B02884,2021-02-01 00:08:01,2021-02-01 00:28:48,208,244,
HV0003,B02884,2021-02-01 00:32:12,2021-02-01 00:55:45,244,246,
HV0005,B02510,2021-02-01 00:15:50,2021-02-01 00:26:39,168,167,
HV0005,B02510,2021-02-01 00:29:46,2021-02-01 01:20:13,167,241,
HV0003,B02395,2021-02-01 00:25:03,2021-02-01 00:34:40,137,68,
HV0003,B02395,2021-02-01 00:39:46,2021-02-01 00:48:31,68,246,
HV0003,B02878,2021-02-01 00:20:08,2021-02-01 00:31:42,239,151,
HV0003,B02878,2021-02-01 00:37:47,2021-02-01 00:48:16,24,152,
HV0003,B02765,2021-02-01 00:06:31,2021-02-01 00:17:16,188,72,
HV0003,B02765,2021-02-01 00:39:16,2021-02-01 01:01:08,39,225,
HV0003,B02864,2021-02-01 00:55:53,2021-02-01 01:24:42,228,97,
HV0003,B02836,2021-02-01 00:06:23,2021-02-01 00:13:05,7,223,
HV0003,B02836,2021-02-01 00:22:31,2021-02-01 00:42:14,179,41,
HV0003,B02836,2021-02-01 00:51:00,2021-02-01 01:06:51,75,159,
HV0005,B02510,2021-02-01 00:45:16,2021-02-01 00:53:47,47,212,
HV0003,B02836,2021-02-01 00:03:30,2021-02-01 00:30:33,92,258,
HV0003,B02836,2021-02-01 00:34:27,2021-02-01 00:53:34,258,198,
HV0005,B02510,2021-02-01 00:02:19,2021-02-01 00:11:14,181,25,
HV0005,B02510,2021-02-01 00:15:44,2021-02-01 00:28:29,25,61,
HV0005,B02510,2021-02-01 00:36:47,2021-02-01 00:49:08,61,17,
HV0005,B02510,2021-02-01 00:59:12,2021-02-01 01:09:13,61,188,
HV0005,B02510,2021-02-01 00:15:02,2021-02-01 00:35:35,138,4,
HV0005,B02510,2021-02-01 00:47:20,2021-02-01 01:12:22,137,82,
HV0003,B02876,2021-02-01 00:11:36,2021-02-01 00:29:24,4,80,
HV0005,B02510,2021-02-01 00:07:14,2021-02-01 00:32:45,239,158,
HV0005,B02510,2021-02-01 00:21:14,2021-02-01 00:42:06,132,124,
HV0005,B02510,2021-02-01 00:19:00,2021-02-01 00:38:56,37,85,
HV0003,B02884,2021-02-01 00:13:57,2021-02-01 00:30:29,126,75,
HV0003,B02884,2021-02-01 00:46:02,2021-02-01 00:56:49,75,75,
HV0003,B02888,2021-02-01 00:18:16,2021-02-01 00:27:46,241,32,
HV0003,B02888,2021-02-01 00:31:45,2021-02-01 00:47:36,32,242,
HV0003,B02888,2021-02-01 00:50:21,2021-02-01 01:03:41,183,254,
HV0005,B02510,2021-02-01 00:20:08,2021-02-01 00:43:56,68,232,
HV0005,B02510,2021-02-01 00:48:10,2021-02-01 01:08:07,148,50,
HV0005,B02510,2021-02-01 00:08:04,2021-02-01 00:12:17,211,249,
HV0005,B02510,2021-02-01 00:50:37,2021-02-01 01:15:50,107,49,
HV0003,B02512,2021-02-01 00:24:16,2021-02-01 00:35:01,68,249,
HV0003,B02764,2021-02-01 00:35:58,2021-02-01 00:52:37,215,38,
HV0003,B02764,2021-02-01 00:56:23,2021-02-01 01:11:48,38,10,
HV0003,B02871,2021-02-01 00:04:19,2021-02-01 00:41:49,167,81,
HV0005,B02510,2021-02-01 00:57:07,2021-02-01 01:14:33,255,36,
HV0003,B02682,2021-02-01 00:20:26,2021-02-01 00:52:32,132,256,
HV0005,B02510,2021-02-01 00:30:29,2021-02-01 00:38:26,217,256,
HV0003,B02764,2021-02-01 00:05:20,2021-02-01 00:11:40,34,25,
HV0003,B02764,2021-02-01 00:20:01,2021-02-01 00:34:32,66,256,
HV0003,B02875,2021-02-01 00:05:20,2021-02-01 00:10:55,241,241,
HV0003,B02875,2021-02-01 00:21:57,2021-02-01 00:29:13,174,265,
HV0003,B02875,2021-02-01 00:33:54,2021-02-01 00:45:06,259,254,
HV0005,B02510,2021-02-01 00:23:42,2021-02-01 00:38:59,119,94,
HV0005,B02510,2021-02-01 00:48:14,2021-02-01 00:58:32,247,119,
HV0005,B02510,2021-02-01 00:21:27,2021-02-01 00:37:05,225,49,
HV0005,B02510,2021-02-01 00:41:13,2021-02-01 00:59:35,49,226,
HV0003,B02866,2021-02-01 00:02:10,2021-02-01 00:11:54,61,61,
HV0003,B02866,2021-02-01 00:16:27,2021-02-01 00:29:30,61,35,
HV0003,B02866,2021-02-01 00:34:59,2021-02-01 01:09:01,77,181,
HV0003,B02883,2021-02-01 00:14:27,2021-02-01 00:20:57,91,155,
HV0003,B02883,2021-02-01 00:23:21,2021-02-01 00:37:46,39,85,
HV0003,B02883,2021-02-01 00:48:30,2021-02-01 00:54:24,62,61,
HV0003,B02871,2021-02-01 00:45:53,2021-02-01 01:27:40,48,177,
HV0003,B02617,2021-02-01 00:08:34,2021-02-01 00:27:31,82,28,
HV0003,B02617,2021-02-01 00:37:32,2021-02-01 01:03:39,130,138,
HV0005,B02510,2021-02-01 00:12:52,2021-02-01 00:22:01,169,235,
HV0005,B02510,2021-02-01 00:26:33,2021-02-01 00:44:42,235,250,
HV0003,B02866,2021-02-01 00:04:24,2021-02-01 00:40:00,159,205,
HV0003,B02866,2021-02-01 00:48:41,2021-02-01 00:57:06,38,38,
HV0003,B02872,2021-02-01 00:01:13,2021-02-01 00:07:06,241,136,
HV0003,B02872,2021-02-01 00:13:57,2021-02-01 00:32:41,127,185,
HV0003,B02872,2021-02-01 00:37:30,2021-02-01 00:50:45,185,174,
HV0003,B02872,2021-02-01 00:56:38,2021-02-01 01:05:50,174,94,
HV0005,B02510,2021-02-01 00:18:17,2021-02-01 00:31:52,169,94,
HV0005,B02510,2021-02-01 00:47:10,2021-02-01 01:12:48,153,92,
HV0005,B02510,2021-02-01 00:23:38,2021-02-01 00:46:08,112,17,
HV0003,B02764,2021-02-01 00:09:47,2021-02-01 00:53:38,137,39,
HV0003,B02764,2021-02-01 00:59:18,2021-02-01 01:05:38,91,91,
HV0003,B02764,2021-02-01 00:02:05,2021-02-01 00:13:58,32,94,
HV0003,B02764,2021-02-01 00:24:46,2021-02-01 00:34:39,18,20,
HV0003,B02764,2021-02-01 00:40:05,2021-02-01 00:51:51,78,212,
HV0003,B02764,2021-02-01 00:59:00,2021-02-01 01:07:57,248,212,
HV0003,B02764,2021-02-01 00:02:00,2021-02-01 00:17:32,159,127,
HV0003,B02875,2021-02-01 00:14:50,2021-02-01 00:18:22,235,119,
HV0003,B02875,2021-02-01 00:24:50,2021-02-01 00:40:21,247,169,
HV0005,B02510,2021-02-01 00:12:43,2021-02-01 00:55:17,75,85,
HV0005,B02510,2021-02-01 00:04:48,2021-02-01 00:42:06,140,140,
HV0005,B02510,2021-02-01 00:46:31,2021-02-01 01:11:57,263,153,
HV0003,B02765,2021-02-01 00:09:05,2021-02-01 00:27:48,208,243,
HV0003,B02765,2021-02-01 00:37:18,2021-02-01 00:56:10,127,166,
HV0005,B02510,2021-02-01 00:00:42,2021-02-01 00:11:12,136,169,
HV0005,B02510,2021-02-01 00:16:11,2021-02-01 00:31:15,169,42,
HV0005,B02510,2021-02-01 00:37:08,2021-02-01 00:50:12,42,41,
HV0005,B02510,2021-02-01 00:58:23,2021-02-01 01:04:00,41,151,
HV0005,B02510,2021-02-01 00:00:14,2021-02-01 00:35:07,97,72,
HV0003,B02888,2021-02-01 00:03:59,2021-02-01 00:25:48,174,69,
HV0003,B02888,2021-02-01 00:31:16,2021-02-01 00:40:11,247,74,
HV0003,B02882,2021-02-01 00:12:37,2021-02-01 00:25:35,137,87,
HV0003,B02882,2021-02-01 00:29:30,2021-02-01 00:40:17,87,211,
HV0003,B02882,2021-02-01 00:46:54,2021-02-01 01:08:22,158,181,
HV0003,B02395,2021-02-01 00:04:17,2021-02-01 00:10:27,159,159,
HV0003,B02395,2021-02-01 00:14:42,2021-02-01 00:46:57,147,265,
HV0003,B02872,2021-02-01 00:03:31,2021-02-01 00:26:12,143,20,
HV0003,B02872,2021-02-01 00:29:44,2021-02-01 00:40:24,78,32,
HV0003,B02872,2021-02-01 00:44:54,2021-02-01 00:54:47,32,259,
HV0005,B02510,2021-02-01 00:05:38,2021-02-01 00:26:38,145,48,
HV0005,B02510,2021-02-01 00:40:15,2021-02-01 02:04:54,48,35,
HV0003,B02617,2021-02-01 00:08:55,2021-02-01 00:18:00,188,61,
HV0003,B02617,2021-02-01 00:22:13,2021-02-01 00:39:23,61,80,
HV0003,B02617,2021-02-01 00:42:49,2021-02-01 01:03:51,37,72,
HV0003,B02864,2021-02-01 00:08:29,2021-02-01 00:12:31,140,263,
HV0003,B02864,2021-02-01 00:24:43,2021-02-01 00:35:58,238,41,
HV0005,B02510,2021-02-01 00:38:56,2021-02-01 00:43:40,216,216,
HV0003,B02764,2021-02-01 00:24:08,2021-02-01 00:34:47,132,216,
HV0003,B02882,2021-02-01 00:12:01,2021-02-01 00:22:32,241,47,
HV0003,B02882,2021-02-01 00:30:07,2021-02-01 00:42:03,47,185,
HV0003,B02882,2021-02-01 00:47:32,2021-02-01 01:02:38,31,169,
HV0003,B02836,2021-02-01 00:17:35,2021-02-01 00:41:37,76,37,
HV0003,B02836,2021-02-01 00:47:49,2021-02-01 01:04:42,225,177,
HV0003,B02764,2021-02-01 00:25:55,2021-02-01 00:32:27,238,239,
HV0005,B02510,2021-02-01 00:50:02,2021-02-01 01:04:56,66,256,
HV0003,B02764,2021-02-01 00:22:30,2021-02-01 00:27:25,61,61,
HV0003,B02882,2021-02-01 00:27:46,2021-02-01 00:43:06,157,102,
HV0003,B02882,2021-02-01 00:48:55,2021-02-01 00:58:03,102,258,
HV0005,B02510,2021-02-01 00:20:24,2021-02-01 01:09:34,191,87,
HV0004,B02800,2021-02-01 00:34:15,2021-02-01 00:55:53,147,174,
HV0005,B02510,2021-02-01 00:36:14,2021-02-01 01:03:49,156,265,
HV0003,B02889,2021-02-01 00:06:31,2021-02-01 00:12:21,72,35,
HV0003,B02889,2021-02-01 00:14:01,2021-02-01 00:27:30,35,225,
HV0003,B02889,2021-02-01 00:34:33,2021-02-01 01:07:44,17,186,
HV0003,B02879,2021-02-01 00:08:26,2021-02-01 00:22:44,3,18,
HV0003,B02879,2021-02-01 00:32:46,2021-02-01 01:28:39,20,265,
HV0003,B02764,2021-02-01 00:27:34,2021-02-01 00:37:11,181,25,
HV0003,B02764,2021-02-01 00:48:08,2021-02-01 01:01:49,97,61,
HV0005,B02510,2021-02-01 00:09:48,2021-02-01 00:25:36,49,177,
HV0005,B02510,2021-02-01 00:41:09,2021-02-01 01:06:07,61,91,
HV0003,B02764,2021-02-01 00:09:57,2021-02-01 00:23:46,171,121,
HV0005,B02510,2021-02-01 00:18:32,2021-02-01 00:36:29,23,187,
HV0005,B02510,2021-02-01 00:03:17,2021-02-01 00:20:26,258,76,
HV0005,B02510,2021-02-01 00:22:47,2021-02-01 00:49:45,76,61,
HV0003,B02764,2021-02-01 00:12:24,2021-02-01 00:24:28,180,76,
HV0003,B02764,2021-02-01 00:32:57,2021-02-01 01:06:06,180,117,
HV0003,B02872,2021-02-01 00:20:36,2021-02-01 00:33:47,72,61,
HV0003,B02872,2021-02-01 00:38:13,2021-02-01 00:57:49,61,76,
HV0005,B02510,2021-02-01 00:11:11,2021-02-01 00:52:21,76,74,
HV0005,B02510,2021-02-01 00:34:04,2021-02-01 00:58:17,189,89,
HV0003,B02880,2021-02-01 00:06:23,2021-02-01 00:27:40,53,16,
HV0003,B02880,2021-02-01 00:35:29,2021-02-01 00:45:35,9,16,
HV0003,B02880,2021-02-01 00:53:37,2021-02-01 01:37:01,16,87,
HV0005,B02510,2021-02-01 00:03:12,2021-02-01 00:13:27,42,42,
HV0005,B02510,2021-02-01 00:19:06,2021-02-01 00:29:51,244,127,
HV0003,B02764,2021-02-01 00:49:27,2021-02-01 01:06:06,60,51,
HV0005,B02510,2021-02-01 00:12:54,2021-02-01 00:24:19,93,171,
HV0003,B02866,2021-02-01 00:33:01,2021-02-01 00:48:38,181,89,
HV0003,B02866,2021-02-01 00:58:40,2021-02-01 01:05:37,85,188,
HV0003,B02876,2021-02-01 00:00:43,2021-02-01 00:13:35,60,159,
HV0003,B02876,2021-02-01 00:44:59,2021-02-01 01:12:18,263,153,
HV0005,B02510,2021-02-01 00:34:42,2021-02-01 00:47:57,211,170,
HV0003,B02887,2021-02-01 00:21:19,2021-02-01 00:31:33,79,231,
HV0003,B02864,2021-02-01 00:19:35,2021-02-01 00:28:52,236,74,
HV0003,B02864,2021-02-01 00:37:32,2021-02-01 00:42:14,236,237,
HV0003,B02864,2021-02-01 00:47:20,2021-02-01 00:54:10,140,137,
HV0003,B02875,2021-02-01 00:22:38,2021-02-01 00:41:42,125,125,
HV0003,B02875,2021-02-01 00:57:58,2021-02-01 01:03:18,114,90,
HV0003,B02875,2021-02-01 00:19:38,2021-02-01 00:53:14,53,244,
HV0003,B02884,2021-02-01 00:11:16,2021-02-01 00:33:07,213,244,
HV0003,B02884,2021-02-01 00:40:25,2021-02-01 00:50:57,244,127,
HV0003,B02884,2021-02-01 00:54:20,2021-02-01 01:07:02,127,169,
HV0003,B02871,2021-02-01 00:06:21,2021-02-01 00:36:12,228,37,
HV0003,B02871,2021-02-01 00:45:22,2021-02-01 00:54:59,36,225,
HV0003,B02869,2021-02-01 00:02:22,2021-02-01 00:22:05,224,256,
HV0003,B02869,2021-02-01 00:40:21,2021-02-01 00:49:11,255,112,
HV0003,B02764,2021-02-01 00:02:02,2021-02-01 00:06:37,74,75,
HV0003,B02764,2021-02-01 00:13:34,2021-02-01 00:25:07,75,74,
HV0003,B02764,2021-02-01 00:29:53,2021-02-01 00:34:36,74,74,
HV0003,B02764,2021-02-01 00:44:20,2021-02-01 00:55:10,42,244,
HV0003,B02887,2021-02-01 00:25:08,2021-02-01 00:51:49,244,166,
HV0005,B02510,2021-02-01 00:03:11,2021-02-01 00:41:26,140,265,
HV0005,B02510,2021-02-01 00:06:09,2021-02-01 00:30:05,238,170,
HV0005,B02510,2021-02-01 00:35:59,2021-02-01 00:52:10,170,265,
HV0005,B02510,2021-02-01 00:28:07,2021-02-01 00:59:08,75,61,
HV0003,B02879,2021-02-01 00:13:08,2021-02-01 00:28:51,136,74,
HV0005,B02510,2021-02-01 00:06:49,2021-02-01 00:18:58,17,80,
HV0005,B02510,2021-02-01 00:28:25,2021-02-01 00:43:52,255,37,
HV0005,B02510,2021-02-01 00:11:40,2021-02-01 00:17:05,248,213,
HV0005,B02510,2021-02-01 00:24:42,2021-02-01 00:45:31,250,265,
HV0005,B02510,2021-02-01 00:57:43,2021-02-01 01:10:48,51,174,
HV0005,B02510,2021-02-01 00:20:52,2021-02-01 00:42:25,37,61,
HV0005,B02510,2021-02-01 00:45:15,2021-02-01 00:57:29,62,89,
HV0003,B02875,2021-02-01 00:08:16,2021-02-01 00:25:44,244,262,
HV0003,B02875,2021-02-01 00:31:46,2021-02-01 00:41:50,262,75,
HV0003,B02875,2021-02-01 00:47:18,2021-02-01 00:52:44,236,238,
HV0003,B02869,2021-02-01 00:26:40,2021-02-01 00:33:32,139,139,
HV0003,B02869,2021-02-01 00:53:56,2021-02-01 01:08:01,203,10,
HV0005,B02510,2021-02-01 00:04:06,2021-02-01 00:06:52,142,50,
HV0005,B02510,2021-02-01 00:10:21,2021-02-01 00:26:57,50,41,
HV0005,B02510,2021-02-01 00:38:32,2021-02-01 00:48:09,238,143,
HV0005,B02510,2021-02-01 00:57:34,2021-02-01 01:05:13,143,142,
HV0005,B02510,2021-02-01 00:09:52,2021-02-01 00:24:27,116,243,
HV0005,B02510,2021-02-01 00:37:06,2021-02-01 01:17:27,42,35,
HV0003,B02764,2021-02-01 00:05:33,2021-02-01 00:15:32,137,113,
HV0003,B02764,2021-02-01 00:23:34,2021-02-01 00:33:35,170,79,
HV0003,B02764,2021-02-01 00:39:06,2021-02-01 01:00:37,114,143,
HV0003,B02887,2021-02-01 00:03:45,2021-02-01 00:19:56,127,185,
HV0003,B02887,2021-02-01 00:27:13,2021-02-01 00:45:57,32,208,
HV0003,B02887,2021-02-01 00:56:37,2021-02-01 01:39:05,3,87,
HV0003,B02682,2021-02-01 00:19:45,2021-02-01 00:35:34,168,75,
HV0003,B02682,2021-02-01 00:36:29,2021-02-01 00:43:36,75,74,
HV0003,B02682,2021-02-01 00:49:36,2021-02-01 01:10:19,74,241,
HV0005,B02510,2021-02-01 00:05:48,2021-02-01 00:32:24,138,36,
HV0005,B02510,2021-02-01 00:37:30,2021-02-01 00:43:48,36,198,
HV0005,B02510,2021-02-01 00:55:18,2021-02-01 01:20:34,80,35,
HV0003,B02864,2021-02-01 00:25:20,2021-02-01 00:33:48,249,107,
HV0003,B02682,2021-02-01 00:02:54,2021-02-01 00:10:26,39,91,
HV0003,B02682,2021-02-01 00:15:00,2021-02-01 00:29:09,91,222,
HV0003,B02869,2021-02-01 00:14:26,2021-02-01 00:29:56,72,91,
HV0003,B02869,2021-02-01 00:34:02,2021-02-01 00:44:55,91,72,
HV0003,B02869,2021-02-01 00:50:18,2021-02-01 00:56:42,91,39,
HV0005,B02510,2021-02-01 00:17:30,2021-02-01 00:28:04,75,262,
HV0005,B02510,2021-02-01 00:33:14,2021-02-01 00:48:21,263,170,
HV0005,B02510,2021-02-01 00:57:27,2021-02-01 01:18:46,170,231,
HV0003,B02512,2021-02-01 00:05:18,2021-02-01 00:56:31,138,265,
HV0003,B02875,2021-02-01 00:07:56,2021-02-01 00:13:26,255,256,
HV0003,B02875,2021-02-01 00:18:19,2021-02-01 00:22:51,255,112,
HV0003,B02875,2021-02-01 00:28:40,2021-02-01 00:41:50,226,7,
HV0003,B02875,2021-02-01 00:45:29,2021-02-01 00:54:54,7,193,
HV0003,B02764,2021-02-01 00:29:43,2021-02-01 00:39:59,49,181,
HV0003,B02764,2021-02-01 00:44:18,2021-02-01 01:15:12,181,221,
HV0003,B02764,2021-02-01 00:00:27,2021-02-01 00:18:18,226,164,
HV0003,B02764,2021-02-01 00:23:03,2021-02-01 00:39:15,164,261,
HV0003,B02764,2021-02-01 00:53:18,2021-02-01 01:17:21,88,17,
HV0003,B02764,2021-02-01 00:23:25,2021-02-01 00:31:17,94,69,
HV0003,B02764,2021-02-01 00:34:30,2021-02-01 00:50:05,69,78,
HV0003,B02764,2021-02-01 00:52:37,2021-02-01 01:20:01,20,179,
HV0003,B02765,2021-02-01 00:06:28,2021-02-01 00:23:13,160,145,
HV0003,B02765,2021-02-01 00:34:46,2021-02-01 01:04:42,112,63,
HV0003,B02764,2021-02-01 00:16:16,2021-02-01 00:25:08,18,136,
HV0003,B02764,2021-02-01 00:30:21,2021-02-01 00:35:57,136,241,
HV0003,B02764,2021-02-01 00:40:19,2021-02-01 00:47:02,220,241,
HV0003,B02764,2021-02-01 00:54:42,2021-02-01 01:18:33,153,213,
HV0005,B02510,2021-02-01 00:41:21,2021-02-01 01:01:42,75,167,
HV0003,B02764,2021-02-01 00:27:02,2021-02-01 00:38:18,238,48,
HV0003,B02764,2021-02-01 00:44:02,2021-02-01 00:53:20,48,142,
HV0003,B02764,2021-02-01 00:56:41,2021-02-01 01:10:47,143,262,
HV0003,B02765,2021-02-01 00:03:52,2021-02-01 00:16:09,235,69,
HV0005,B02510,2021-02-01 00:04:46,2021-02-01 00:13:42,74,116,
HV0005,B02510,2021-02-01 00:04:02,2021-02-01 00:12:18,168,74,
HV0005,B02510,2021-02-01 00:18:03,2021-02-01 00:53:48,75,33,
HV0003,B02864,2021-02-01 00:06:11,2021-02-01 00:36:39,166,232,
HV0003,B02864,2021-02-01 00:40:33,2021-02-01 00:51:37,148,137,
HV0003,B02864,2021-02-01 00:58:08,2021-02-01 01:05:51,170,68,
HV0003,B02835,2021-02-01 00:26:50,2021-02-01 00:45:26,177,76,
HV0003,B02835,2021-02-01 00:49:33,2021-02-01 01:26:03,124,175,
HV0003,B02866,2021-02-01 00:16:24,2021-02-01 00:57:10,37,168,
HV0003,B02512,2021-02-01 00:26:39,2021-02-01 00:39:30,107,140,
HV0003,B02864,2021-02-01 00:22:00,2021-02-01 00:30:08,50,68,
HV0003,B02864,2021-02-01 00:34:22,2021-02-01 01:02:49,90,212,
HV0005,B02510,2021-02-01 00:04:19,2021-02-01 00:13:00,159,247,
HV0005,B02510,2021-02-01 00:25:57,2021-02-01 00:39:55,75,100,
HV0003,B02875,2021-02-01 00:44:54,2021-02-01 00:55:37,48,162,
HV0005,B02510,2021-02-01 00:39:11,2021-02-01 00:51:21,41,75,
HV0003,B02878,2021-02-01 00:11:46,2021-02-01 00:27:11,42,263,
HV0003,B02871,2021-02-01 00:14:59,2021-02-01 00:29:22,17,256,
HV0003,B02871,2021-02-01 00:36:17,2021-02-01 00:58:13,217,36,
HV0005,B02510,2021-02-01 00:05:27,2021-02-01 00:28:19,35,76,
HV0005,B02510,2021-02-01 00:33:23,2021-02-01 00:56:23,63,37,
HV0005,B02510,2021-02-01 00:06:08,2021-02-01 00:27:10,166,182,
HV0005,B02510,2021-02-01 00:33:23,2021-02-01 00:58:13,248,116,
HV0003,B02887,2021-02-01 00:08:56,2021-02-01 00:20:59,168,42,
HV0003,B02887,2021-02-01 00:23:44,2021-02-01 00:34:43,42,119,
HV0003,B02887,2021-02-01 00:37:55,2021-02-01 00:44:26,119,247,
HV0003,B02887,2021-02-01 00:51:54,2021-02-01 01:05:46,69,169,
HV0005,B02510,2021-02-01 00:05:31,2021-02-01 00:33:53,68,244,
HV0005,B02510,2021-02-01 00:50:11,2021-02-01 01:00:50,166,42,
HV0005,B02510,2021-02-01 00:12:34,2021-02-01 00:20:32,146,229,
HV0003,B02879,2021-02-01 00:23:59,2021-02-01 00:29:29,197,216,
HV0003,B02879,2021-02-01 00:43:56,2021-02-01 01:16:57,132,225,
HV0003,B02866,2021-02-01 00:04:51,2021-02-01 00:19:10,140,145,
HV0003,B02866,2021-02-01 00:29:08,2021-02-01 00:58:24,226,258,
HV0003,B02395,2021-02-01 00:10:08,2021-02-01 00:24:20,39,71,
HV0003,B02395,2021-02-01 00:24:46,2021-02-01 00:33:14,71,91,
HV0003,B02395,2021-02-01 00:44:12,2021-02-01 00:55:47,39,39,
HV0003,B02395,2021-02-01 00:59:58,2021-02-01 01:04:36,39,39,
HV0003,B02864,2021-02-01 00:19:56,2021-02-01 00:32:06,213,20,
HV0003,B02864,2021-02-01 00:39:02,2021-02-01 01:00:38,185,235,
HV0005,B02510,2021-02-01 00:13:12,2021-02-01 00:40:37,216,76,
HV0005,B02510,2021-02-01 00:04:39,2021-02-01 00:14:19,61,177,
HV0005,B02510,2021-02-01 00:19:14,2021-02-01 00:29:43,61,17,
HV0005,B02510,2021-02-01 00:36:24,2021-02-01 00:58:42,61,76,
HV0005,B02510,2021-02-01 00:36:57,2021-02-01 00:45:00,61,49,
HV0005,B02510,2021-02-01 00:48:26,2021-02-01 01:16:48,17,7,
HV0003,B02764,2021-02-01 00:02:27,2021-02-01 00:05:42,217,17,
HV0003,B02764,2021-02-01 00:09:15,2021-02-01 00:34:40,217,71,
HV0003,B02764,2021-02-01 00:53:15,2021-02-01 01:05:21,71,61,
HV0003,B02871,2021-02-01 00:57:03,2021-02-01 01:09:42,252,92,
HV0005,B02510,2021-02-01 00:10:12,2021-02-01 00:26:37,75,42,
HV0005,B02510,2021-02-01 00:31:14,2021-02-01 00:36:43,41,74,
HV0005,B02510,2021-02-01 00:43:03,2021-02-01 01:06:42,41,113,
HV0003,B02872,2021-02-01 00:38:07,2021-02-01 01:12:14,260,62,
HV0003,B02617,2021-02-01 00:04:15,2021-02-01 00:24:04,210,85,
HV0003,B02617,2021-02-01 00:37:11,2021-02-01 00:46:13,72,89,
HV0003,B02617,2021-02-01 00:54:39,2021-02-01 01:07:26,188,71,
HV0003,B02871,2021-02-01 00:25:48,2021-02-01 00:30:35,56,82,
HV0003,B02871,2021-02-01 00:46:52,2021-02-01 01:15:43,56,56,
HV0003,B02765,2021-02-01 00:11:40,2021-02-01 00:41:38,65,42,
HV0003,B02871,2021-02-01 00:13:48,2021-02-01 00:50:15,108,76,
HV0003,B02888,2021-02-01 00:10:09,2021-02-01 00:27:10,127,78,
HV0003,B02888,2021-02-01 00:35:21,2021-02-01 01:20:18,78,35,
HV0003,B02866,2021-02-01 00:37:56,2021-02-01 00:45:55,130,131,
HV0003,B02866,2021-02-01 00:59:01,2021-02-01 01:24:28,122,56,
HV0003,B02883,2021-02-01 00:26:29,2021-02-01 00:41:06,226,80,
HV0005,B02510,2021-02-01 00:16:56,2021-02-01 00:24:13,179,179,
HV0005,B02510,2021-02-01 00:32:45,2021-02-01 00:36:51,193,202,
HV0005,B02510,2021-02-01 00:49:52,2021-02-01 01:15:46,146,33,
HV0005,B02510,2021-02-01 00:02:41,2021-02-01 00:08:05,127,136,
HV0005,B02510,2021-02-01 00:19:35,2021-02-01 00:30:50,127,74,
HV0005,B02510,2021-02-01 00:37:00,2021-02-01 00:45:53,74,42,
HV0003,B02867,2021-02-01 00:35:56,2021-02-01 00:49:24,260,56,
HV0003,B02867,2021-02-01 00:59:32,2021-02-01 01:17:17,196,260,
HV0005,B02510,2021-02-01 00:13:25,2021-02-01 00:50:37,49,42,
HV0005,B02510,2021-02-01 00:19:11,2021-02-01 00:23:40,263,263,
HV0005,B02510,2021-02-01 00:37:23,2021-02-01 00:43:43,75,262,
HV0005,B02510,2021-02-01 00:57:45,2021-02-01 01:11:31,74,42,
HV0005,B02510,2021-02-01 00:18:02,2021-02-01 00:31:39,95,135,
HV0003,B02889,2021-02-01 00:12:32,2021-02-01 00:49:28,50,119,
HV0003,B02617,2021-02-01 00:21:12,2021-02-01 00:49:27,208,135,
HV0003,B02836,2021-02-01 00:43:46,2021-02-01 01:05:00,17,112,
HV0003,B02883,2021-02-01 00:04:45,2021-02-01 00:41:46,146,62,
HV0003,B02883,2021-02-01 00:52:41,2021-02-01 01:02:44,61,72,
HV0003,B02764,2021-02-01 00:10:59,2021-02-01 00:16:23,147,126,
HV0003,B02764,2021-02-01 00:20:43,2021-02-01 00:31:01,126,167,
HV0003,B02764,2021-02-01 00:35:53,2021-02-01 00:45:16,126,213,
HV0003,B02764,2021-02-01 00:52:39,2021-02-01 01:12:34,213,259,
HV0005,B02510,2021-02-01 00:15:46,2021-02-01 00:28:54,186,79,
HV0005,B02510,2021-02-01 00:34:54,2021-02-01 00:44:35,79,229,
HV0005,B02510,2021-02-01 00:09:04,2021-02-01 00:15:20,37,37,
HV0005,B02510,2021-02-01 00:20:43,2021-02-01 00:27:25,37,36,
HV0005,B02510,2021-02-01 00:33:22,2021-02-01 01:00:53,37,79,
HV0003,B02887,2021-02-01 00:53:09,2021-02-01 01:05:45,3,242,
HV0005,B02510,2021-02-01 00:28:43,2021-02-01 00:45:29,136,248,
HV0003,B02836,2021-02-01 00:30:03,2021-02-01 01:00:59,76,121,
HV0003,B02764,2021-02-01 00:21:10,2021-02-01 00:33:55,141,142,
HV0003,B02877,2021-02-01 00:05:47,2021-02-01 00:19:09,119,94,
HV0003,B02877,2021-02-01 00:23:58,2021-02-01 00:38:56,169,241,
HV0003,B02835,2021-02-01 00:24:53,2021-02-01 01:14:53,28,210,
HV0003,B02836,2021-02-01 00:15:32,2021-02-01 00:25:22,74,42,
HV0003,B02836,2021-02-01 00:35:05,2021-02-01 00:59:55,166,119,
HV0003,B02617,2021-02-01 00:13:06,2021-02-01 00:20:46,246,68,
HV0003,B02617,2021-02-01 00:33:05,2021-02-01 00:38:11,234,249,
HV0003,B02617,2021-02-01 00:45:18,2021-02-01 00:51:25,90,68,
HV0003,B02836,2021-02-01 00:03:34,2021-02-01 00:21:15,39,77,
HV0003,B02836,2021-02-01 00:25:21,2021-02-01 01:14:16,76,90,
HV0005,B02510,2021-02-01 00:00:56,2021-02-01 00:14:06,72,77,
HV0005,B02510,2021-02-01 00:25:52,2021-02-01 00:48:55,76,155,
HV0005,B02510,2021-02-01 00:55:25,2021-02-01 01:52:50,91,191,
HV0005,B02510,2021-02-01 00:32:29,2021-02-01 00:49:06,95,121,
HV0003,B02872,2021-02-01 00:14:44,2021-02-01 00:21:26,80,255,
HV0003,B02872,2021-02-01 00:30:54,2021-02-01 00:39:34,217,49,
HV0003,B02872,2021-02-01 00:45:23,2021-02-01 00:57:40,17,61,
HV0003,B02878,2021-02-01 00:12:28,2021-02-01 00:26:10,235,248,
HV0003,B02878,2021-02-01 00:37:08,2021-02-01 01:08:03,60,265,
HV0003,B02395,2021-02-01 00:07:41,2021-02-01 00:45:45,211,177,
HV0005,B02510,2021-02-01 00:10:34,2021-02-01 00:29:10,112,17,
HV0005,B02510,2021-02-01 00:42:06,2021-02-01 00:53:35,62,89,
HV0005,B02510,2021-02-01 00:56:11,2021-02-01 01:09:08,85,89,
HV0003,B02872,2021-02-01 00:14:46,2021-02-01 00:18:52,48,246,
HV0003,B02872,2021-02-01 00:24:49,2021-02-01 00:32:23,68,158,
HV0003,B02875,2021-02-01 00:02:27,2021-02-01 00:35:05,69,107,
HV0003,B02764,2021-02-01 00:17:15,2021-02-01 00:38:35,48,79,
HV0003,B02764,2021-02-01 00:49:45,2021-02-01 01:01:05,224,211,
HV0003,B02864,2021-02-01 00:18:28,2021-02-01 00:33:16,127,151,
HV0003,B02864,2021-02-01 00:40:51,2021-02-01 00:51:34,166,238,
HV0003,B02882,2021-02-01 00:22:48,2021-02-01 01:10:58,179,3,
HV0003,B02879,2021-02-01 00:30:24,2021-02-01 00:34:16,181,257,
HV0003,B02879,2021-02-01 00:41:31,2021-02-01 01:02:12,227,62,
HV0003,B02872,2021-02-01 00:04:18,2021-02-01 00:12:32,198,160,
HV0003,B02872,2021-02-01 00:19:28,2021-02-01 00:37:29,196,258,
HV0003,B02887,2021-02-01 00:01:57,2021-02-01 00:09:11,77,76,
HV0003,B02887,2021-02-01 00:28:50,2021-02-01 00:46:27,39,72,
HV0003,B02887,2021-02-01 00:58:34,2021-02-01 01:12:34,61,188,
HV0005,B02510,2021-02-01 00:24:34,2021-02-01 00:56:07,144,37,
HV0003,B02879,2021-02-01 00:12:58,2021-02-01 00:27:07,159,247,
HV0003,B02879,2021-02-01 00:29:17,2021-02-01 00:39:47,247,60,
HV0003,B02879,2021-02-01 00:44:33,2021-02-01 00:48:44,60,78,
HV0003,B02879,2021-02-01 00:52:29,2021-02-01 01:06:19,78,167,
HV0003,B02872,2021-02-01 00:15:42,2021-02-01 00:20:45,216,216,
HV0005,B02510,2021-02-01 00:05:18,2021-02-01 00:16:43,213,212,
HV0005,B02510,2021-02-01 00:36:41,2021-02-01 00:39:50,47,69,
HV0005,B02510,2021-02-01 00:42:56,2021-02-01 01:05:25,47,166,
HV0005,B02510,2021-02-01 00:28:37,2021-02-01 00:49:04,225,157,
HV0003,B02765,2021-02-01 00:09:17,2021-02-01 00:28:42,70,129,
HV0003,B02765,2021-02-01 00:36:53,2021-02-01 00:46:40,260,226,
HV0003,B02835,2021-02-01 00:24:37,2021-02-01 00:47:44,203,121,
HV0003,B02835,2021-02-01 00:59:27,2021-02-01 01:32:31,135,48,
HV0005,B02510,2021-02-01 00:00:39,2021-02-01 00:24:21,223,148,
HV0005,B02510,2021-02-01 00:34:38,2021-02-01 00:44:41,4,113,
HV0005,B02510,2021-02-01 00:53:34,2021-02-01 01:03:23,148,233,
HV0003,B02864,2021-02-01 00:18:31,2021-02-01 00:36:20,17,61,
HV0003,B02864,2021-02-01 00:47:03,2021-02-01 00:55:31,225,177,
HV0003,B02864,2021-02-01 00:59:01,2021-02-01 01:06:23,177,61,
HV0003,B02865,2021-02-01 00:19:42,2021-02-01 00:26:48,138,129,
HV0003,B02865,2021-02-01 00:36:43,2021-02-01 00:58:24,129,56,
HV0003,B02876,2021-02-01 00:03:23,2021-02-01 00:23:10,234,262,
HV0003,B02876,2021-02-01 00:25:36,2021-02-01 00:36:44,262,74,
HV0003,B02876,2021-02-01 00:43:34,2021-02-01 01:04:32,41,69,
HV0003,B02682,2021-02-01 00:15:04,2021-02-01 00:28:42,148,107,
HV0003,B02682,2021-02-01 00:31:32,2021-02-01 01:24:27,137,50,
HV0003,B02764,2021-02-01 00:35:41,2021-02-01 00:49:34,36,198,
HV0003,B02764,2021-02-01 00:06:46,2021-02-01 00:23:26,254,182,
HV0003,B02764,2021-02-01 00:27:43,2021-02-01 00:37:09,182,60,
HV0003,B02764,2021-02-01 00:40:04,2021-02-01 00:52:58,78,18,
HV0003,B02764,2021-02-01 00:58:59,2021-02-01 01:12:34,18,69,
HV0005,B02510,2021-02-01 00:16:29,2021-02-01 00:29:02,79,233,
HV0005,B02510,2021-02-01 00:32:07,2021-02-01 00:42:21,233,68,
HV0005,B02510,2021-02-01 00:40:02,2021-02-01 00:44:07,71,85,
HV0005,B02510,2021-02-01 00:49:45,2021-02-01 01:03:20,188,225,
HV0003,B02880,2021-02-01 00:08:06,2021-02-01 00:24:10,213,168,
HV0005,B02510,2021-02-01 00:00:45,2021-02-01 00:18:52,127,166,
HV0005,B02510,2021-02-01 00:21:04,2021-02-01 00:54:25,166,135,
HV0005,B02510,2021-02-01 00:32:58,2021-02-01 00:43:02,35,177,
HV0005,B02510,2021-02-01 00:22:12,2021-02-01 00:40:41,130,76,
HV0005,B02510,2021-02-01 00:46:22,2021-02-01 01:18:33,76,55,
HV0003,B02617,2021-02-01 00:20:51,2021-02-01 00:27:24,82,83,
HV0003,B02617,2021-02-01 00:33:33,2021-02-01 00:44:21,82,260,
HV0003,B02617,2021-02-01 00:47:30,2021-02-01 00:58:11,7,193,
HV0003,B02875,2021-02-01 00:11:09,2021-02-01 00:20:22,117,117,
HV0003,B02875,2021-02-01 00:33:11,2021-02-01 01:15:57,117,160,
HV0005,B02510,2021-02-01 00:33:02,2021-02-01 00:42:20,127,243,
HV0003,B02764,2021-02-01 00:09:19,2021-02-01 00:18:43,225,225,
HV0003,B02764,2021-02-01 00:30:59,2021-02-01 00:39:06,17,256,
HV0003,B02764,2021-02-01 00:41:56,2021-02-01 00:54:17,256,37,
HV0003,B02836,2021-02-01 00:12:24,2021-02-01 00:23:02,60,47,
HV0003,B02836,2021-02-01 00:25:18,2021-02-01 00:34:50,69,147,
HV0003,B02836,2021-02-01 00:45:21,2021-02-01 01:11:27,159,143,
HV0003,B02682,2021-02-01 00:15:31,2021-02-01 00:43:46,77,80,
HV0003,B02682,2021-02-01 00:53:10,2021-02-01 01:05:19,198,80,
HV0003,B02866,2021-02-01 00:11:35,2021-02-01 00:19:51,174,254,
HV0005,B02510,2021-02-01 00:00:34,2021-02-01 00:18:26,262,226,
HV0005,B02510,2021-02-01 00:24:30,2021-02-01 00:33:52,7,226,
HV0005,B02510,2021-02-01 00:13:25,2021-02-01 00:34:20,7,145,
HV0005,B02510,2021-02-01 00:52:57,2021-02-01 01:14:33,7,48,
HV0005,B02510,2021-02-01 00:09:56,2021-02-01 00:25:29,198,157,
HV0004,B02800,2021-02-01 00:02:43,2021-02-01 00:40:59,166,37,
HV0003,B02764,2021-02-01 00:11:57,2021-02-01 00:29:17,108,210,
HV0003,B02764,2021-02-01 00:31:13,2021-02-01 00:51:25,210,39,
HV0003,B02764,2021-02-01 00:57:52,2021-02-01 01:03:39,39,39,
HV0003,B02764,2021-02-01 00:00:53,2021-02-01 00:27:47,166,265,
HV0003,B02764,2021-02-01 00:10:46,2021-02-01 00:21:55,244,235,
HV0003,B02764,2021-02-01 00:28:17,2021-02-01 00:34:59,127,136,
HV0003,B02764,2021-02-01 00:38:45,2021-02-01 00:43:28,18,136,
HV0003,B02869,2021-02-01 00:07:19,2021-02-01 00:54:22,80,91,
HV0005,B02510,2021-02-01 00:14:43,2021-02-01 00:25:33,254,81,
HV0003,B02835,2021-02-01 00:07:08,2021-02-01 00:26:12,35,225,
HV0003,B02835,2021-02-01 00:31:46,2021-02-01 00:38:05,225,37,
HV0003,B02835,2021-02-01 00:46:28,2021-02-01 00:59:05,37,17,
HV0005,B02510,2021-02-01 00:02:20,2021-02-01 00:29:04,113,244,
HV0005,B02510,2021-02-01 00:40:44,2021-02-01 00:54:38,116,169,
HV0003,B02764,2021-02-01 00:19:25,2021-02-01 00:54:31,72,134,
HV0005,B02510,2021-02-01 00:51:29,2021-02-01 01:19:11,173,20,
HV0003,B02869,2021-02-01 00:32:39,2021-02-01 00:37:53,129,129,
HV0003,B02884,2021-02-01 00:53:39,2021-02-01 00:56:21,28,28,
HV0003,B02617,2021-02-01 00:11:14,2021-02-01 00:40:35,39,22,
HV0003,B02872,2021-02-01 00:24:55,2021-02-01 00:49:23,41,182,
HV0003,B02875,2021-02-01 00:00:44,2021-02-01 00:40:29,7,61,
HV0003,B02875,2021-02-01 00:49:51,2021-02-01 01:38:37,61,265,
HV0003,B02878,2021-02-01 00:04:50,2021-02-01 00:17:12,26,89,
HV0003,B02878,2021-02-01 00:20:46,2021-02-01 00:44:53,89,14,
HV0005,B02510,2021-02-01 00:34:05,2021-02-01 00:51:47,95,10,
HV0005,B02510,2021-02-01 00:11:07,2021-02-01 00:30:18,183,265,
HV0005,B02510,2021-02-01 00:54:31,2021-02-01 01:01:00,77,76,
HV0003,B02765,2021-02-01 00:04:34,2021-02-01 00:17:13,177,61,
HV0003,B02765,2021-02-01 00:24:53,2021-02-01 00:34:29,62,72,
HV0003,B02682,2021-02-01 00:16:36,2021-02-01 00:23:41,249,211,
HV0003,B02682,2021-02-01 00:40:49,2021-02-01 01:02:01,164,265,
HV0003,B02882,2021-02-01 00:47:28,2021-02-01 01:13:13,213,41,
HV0005,B02510,2021-02-01 00:12:35,2021-02-01 00:19:20,47,78,
HV0005,B02510,2021-02-01 00:31:58,2021-02-01 00:37:20,248,182,
HV0005,B02510,2021-02-01 00:55:05,2021-02-01 01:05:44,78,212,
HV0003,B02764,2021-02-01 00:09:23,2021-02-01 00:44:36,86,77,
HV0003,B02764,2021-02-01 00:47:37,2021-02-01 01:18:18,35,80,
HV0003,B02887,2021-02-01 00:15:30,2021-02-01 00:28:56,121,171,
HV0003,B02887,2021-02-01 00:33:03,2021-02-01 00:39:56,171,92,
HV0003,B02887,2021-02-01 00:50:43,2021-02-01 01:02:52,57,129,
HV0003,B02888,2021-02-01 00:06:50,2021-02-01 00:35:52,226,144,
HV0003,B02888,2021-02-01 00:47:39,2021-02-01 01:16:12,113,61,
HV0005,B02510,2021-02-01 00:14:09,2021-02-01 00:20:03,76,76,
HV0003,B02887,2021-02-01 00:27:14,2021-02-01 00:38:53,77,76,
HV0003,B02887,2021-02-01 00:45:43,2021-02-01 02:14:19,76,265,
HV0005,B02510,2021-02-01 00:13:39,2021-02-01 00:30:42,40,26,
HV0005,B02510,2021-02-01 00:43:30,2021-02-01 01:22:23,26,75,
HV0005,B02510,2021-02-01 00:01:45,2021-02-01 00:18:22,36,256,
HV0003,B02888,2021-02-01 00:01:05,2021-02-01 02:10:08,170,265,
HV0005,B02510,2021-02-01 00:21:27,2021-02-01 00:54:26,53,75,
HV0003,B02765,2021-02-01 00:12:50,2021-02-01 00:26:29,17,61,
HV0003,B02765,2021-02-01 00:27:40,2021-02-01 00:44:23,61,71,
HV0003,B02765,2021-02-01 00:52:30,2021-02-01 01:07:03,71,61,
HV0005,B02510,2021-02-01 00:10:33,2021-02-01 00:31:44,138,41,
HV0005,B02510,2021-02-01 00:37:51,2021-02-01 01:03:48,166,208,
HV0003,B02875,2021-02-01 00:45:59,2021-02-01 00:52:54,48,50,
HV0003,B02875,2021-02-01 00:57:14,2021-02-01 01:10:19,50,249,
HV0003,B02864,2021-02-01 00:04:24,2021-02-01 00:39:51,130,91,
HV0003,B02864,2021-02-01 00:44:09,2021-02-01 00:50:41,91,155,
HV0003,B02871,2021-02-01 00:23:29,2021-02-01 00:51:11,219,265,
HV0005,B02510,2021-02-01 00:24:12,2021-02-01 00:49:50,219,86,
HV0005,B02510,2021-02-01 00:29:59,2021-02-01 01:29:43,230,91,
HV0003,B02617,2021-02-01 00:02:45,2021-02-01 00:16:24,121,215,
HV0003,B02617,2021-02-01 00:26:28,2021-02-01 00:43:36,10,56,
HV0003,B02617,2021-02-01 00:50:10,2021-02-01 01:17:00,173,63,
HV0003,B02765,2021-02-01 00:14:16,2021-02-01 00:30:42,169,167,
HV0003,B02765,2021-02-01 00:34:27,2021-02-01 00:52:27,167,152,
HV0005,B02510,2021-02-01 00:58:16,2021-02-01 01:00:00,254,254,
HV0003,B02883,2021-02-01 00:06:28,2021-02-01 00:19:37,73,53,
HV0003,B02883,2021-02-01 00:27:29,2021-02-01 00:52:31,70,259,
HV0003,B02869,2021-02-01 00:07:22,2021-02-01 00:19:54,218,205,
HV0003,B02869,2021-02-01 00:29:17,2021-02-01 00:38:26,205,191,
HV0003,B02869,2021-02-01 00:43:52,2021-02-01 01:02:48,191,265,
HV0003,B02682,2021-02-01 00:04:39,2021-02-01 00:25:30,170,231,
HV0003,B02682,2021-02-01 00:33:44,2021-02-01 00:43:54,87,232,
HV0003,B02682,2021-02-01 00:50:24,2021-02-01 00:57:38,232,79,
HV0005,B02510,2021-02-01 00:40:52,2021-02-01 00:56:02,159,126,
HV0003,B02882,2021-02-01 00:16:42,2021-02-01 00:24:30,26,178,
HV0003,B02882,2021-02-01 00:38:44,2021-02-01 01:05:40,26,123,
HV0003,B02617,2021-02-01 00:05:59,2021-02-01 00:18:22,244,168,
HV0003,B02617,2021-02-01 00:27:05,2021-02-01 00:34:56,74,168,
HV0003,B02617,2021-02-01 00:45:40,2021-02-01 00:56:45,159,126,
HV0003,B02836,2021-02-01 00:58:31,2021-02-01 01:12:40,9,92,
HV0005,B02510,2021-02-01 00:06:21,2021-02-01 00:38:19,41,157,
HV0003,B02878,2021-02-01 00:18:19,2021-02-01 00:27:16,51,254,
HV0003,B02878,2021-02-01 00:34:21,2021-02-01 00:43:14,32,3,
HV0003,B02878,2021-02-01 00:51:55,2021-02-01 01:01:58,185,213,
HV0005,B02510,2021-02-01 00:30:46,2021-02-01 00:40:58,41,42,
HV0005,B02510,2021-02-01 00:47:30,2021-02-01 01:00:27,42,235,
HV0003,B02883,2021-02-01 00:20:12,2021-02-01 00:41:25,95,205,
HV0003,B02883,2021-02-01 00:51:10,2021-02-01 01:04:30,218,265,
HV0003,B02877,2021-02-01 00:00:42,2021-02-01 00:05:39,134,197,
HV0003,B02877,2021-02-01 00:12:32,2021-02-01 00:24:10,197,130,
HV0003,B02877,2021-02-01 00:25:59,2021-02-01 00:33:07,130,215,
HV0003,B02877,2021-02-01 00:43:50,2021-02-01 01:10:17,131,258,
HV0003,B02879,2021-02-01 00:14:50,2021-02-01 00:51:16,39,228,
HV0003,B02879,2021-02-01 00:58:30,2021-02-01 01:42:54,228,7,
HV0005,B02510,2021-02-01 00:00:30,2021-02-01 00:14:23,37,61,
HV0005,B02510,2021-02-01 00:16:48,2021-02-01 00:23:25,61,61,
HV0005,B02510,2021-02-01 00:39:07,2021-02-01 00:42:53,62,72,
HV0005,B02510,2021-02-01 00:55:21,2021-02-01 01:11:47,91,72,
HV0003,B02872,2021-02-01 00:03:16,2021-02-01 00:16:34,42,168,
HV0003,B02872,2021-02-01 00:24:06,2021-02-01 00:41:59,168,248,
HV0003,B02872,2021-02-01 00:46:14,2021-02-01 00:59:51,212,119,
HV0003,B02872,2021-02-01 00:14:15,2021-02-01 00:40:29,86,135,
HV0003,B02872,2021-02-01 00:11:26,2021-02-01 00:27:21,91,149,
HV0003,B02872,2021-02-01 00:37:30,2021-02-01 01:30:35,91,95,
HV0003,B02764,2021-02-01 00:32:25,2021-02-01 01:15:35,177,213,
HV0003,B02880,2021-02-01 00:01:50,2021-02-01 00:22:14,80,61,
HV0003,B02880,2021-02-01 00:29:54,2021-02-01 00:35:35,61,62,
HV0003,B02880,2021-02-01 00:39:41,2021-02-01 01:02:23,62,66,
HV0005,B02510,2021-02-01 00:17:52,2021-02-01 01:06:41,179,130,
HV0003,B02884,2021-02-01 00:22:07,2021-02-01 00:36:50,166,74,
HV0003,B02884,2021-02-01 00:40:53,2021-02-01 01:01:30,74,145,
HV0005,B02510,2021-02-01 00:20:11,2021-02-01 00:34:22,242,81,
HV0005,B02510,2021-02-01 00:37:31,2021-02-01 00:52:27,81,212,
HV0003,B02869,2021-02-01 00:51:31,2021-02-01 01:17:41,74,51,
HV0005,B02510,2021-02-01 00:01:12,2021-02-01 00:08:29,79,148,
HV0005,B02510,2021-02-01 00:12:27,2021-02-01 00:28:28,79,50,
HV0005,B02510,2021-02-01 00:35:47,2021-02-01 00:41:49,50,246,
HV0003,B02882,2021-02-01 00:56:47,2021-02-01 01:16:13,68,236,
HV0005,B02510,2021-02-01 00:22:35,2021-02-01 00:39:04,249,162,
HV0005,B02510,2021-02-01 00:54:41,2021-02-01 01:22:22,233,243,
HV0005,B02510,2021-02-01 00:14:48,2021-02-01 00:27:28,35,222,
HV0005,B02510,2021-02-01 00:33:45,2021-02-01 00:36:01,76,76,
HV0005,B02510,2021-02-01 00:41:18,2021-02-01 01:14:43,76,188,
HV0003,B02835,2021-02-01 00:25:59,2021-02-01 00:47:54,192,216,
HV0003,B02835,2021-02-01 00:56:04,2021-02-01 01:06:50,216,205,
HV0005,B02510,2021-02-01 00:22:47,2021-02-01 00:52:37,138,225,
HV0003,B02888,2021-02-01 00:12:04,2021-02-01 00:25:56,220,169,
HV0005,B02510,2021-02-01 00:06:11,2021-02-01 00:53:45,48,171,
HV0003,B02880,2021-02-01 00:18:02,2021-02-01 00:25:14,22,26,
HV0003,B02880,2021-02-01 00:31:33,2021-02-01 00:41:50,227,22,
HV0003,B02880,2021-02-01 00:53:14,2021-02-01 01:16:50,26,89,
HV0003,B02765,2021-02-01 00:19:03,2021-02-01 00:54:41,195,42,
HV0005,B02510,2021-02-01 00:48:24,2021-02-01 00:57:49,169,119,
HV0003,B02864,2021-02-01 00:15:32,2021-02-01 00:31:35,200,18,
HV0005,B02510,2021-02-01 00:24:23,2021-02-01 00:36:49,188,177,
HV0005,B02510,2021-02-01 00:44:36,2021-02-01 01:01:46,76,61,
HV0005,B02510,2021-02-01 00:38:51,2021-02-01 00:55:40,87,107,
HV0005,B02510,2021-02-01 00:59:37,2021-02-01 01:04:14,107,137,
HV0003,B02764,2021-02-01 00:23:26,2021-02-01 00:29:36,229,237,
HV0003,B02764,2021-02-01 00:38:53,2021-02-01 00:45:36,43,236,
HV0003,B02871,2021-02-01 00:29:12,2021-02-01 00:50:18,173,175,
HV0003,B02888,2021-02-01 00:38:02,2021-02-01 01:01:54,209,265,
HV0003,B02682,2021-02-01 00:15:39,2021-02-01 00:30:10,129,56,
HV0003,B02682,2021-02-01 00:35:50,2021-02-01 01:01:00,82,37,
HV0003,B02872,2021-02-01 00:01:17,2021-02-01 00:07:45,142,230,
HV0003,B02872,2021-02-01 00:14:45,2021-02-01 00:40:55,100,152,
HV0003,B02872,2021-02-01 00:47:36,2021-02-01 01:04:28,41,159,
HV0005,B02510,2021-02-01 00:04:58,2021-02-01 00:19:22,75,69,
HV0005,B02510,2021-02-01 00:24:32,2021-02-01 00:50:02,247,174,
HV0003,B02871,2021-02-01 00:01:26,2021-02-01 00:27:39,17,71,
HV0003,B02872,2021-02-01 00:03:46,2021-02-01 00:34:48,222,76,
HV0003,B02872,2021-02-01 00:50:04,2021-02-01 01:12:39,124,63,
HV0003,B02864,2021-02-01 00:13:18,2021-02-01 00:36:56,53,169,
HV0005,B02510,2021-02-01 00:12:24,2021-02-01 00:33:32,254,119,
HV0005,B02510,2021-02-01 00:44:54,2021-02-01 01:11:22,119,81,
HV0005,B02510,2021-02-01 00:08:46,2021-02-01 00:44:49,263,265,
HV0005,B02510,2021-02-01 00:30:59,2021-02-01 00:40:57,263,41,
HV0005,B02510,2021-02-01 00:47:16,2021-02-01 00:59:05,74,236,
HV0005,B02510,2021-02-01 00:16:31,2021-02-01 01:16:46,151,255,
HV0003,B02888,2021-02-01 00:03:31,2021-02-01 00:15:01,161,142,
HV0003,B02888,2021-02-01 00:32:38,2021-02-01 00:49:54,24,42,
HV0005,B02510,2021-02-01 00:15:36,2021-02-01 00:20:56,56,56,
HV0005,B02510,2021-02-01 00:25:47,2021-02-01 00:40:10,56,73,
HV0005,B02510,2021-02-01 00:44:57,2021-02-01 01:46:08,171,37,
HV0005,B02510,2021-02-01 00:20:07,2021-02-01 00:24:35,41,152,
HV0005,B02510,2021-02-01 00:30:58,2021-02-01 01:01:03,152,88,
HV0003,B02617,2021-02-01 00:07:53,2021-02-01 00:12:17,78,248,
HV0003,B02617,2021-02-01 00:17:17,2021-02-01 00:23:46,242,182,
HV0003,B02617,2021-02-01 00:30:58,2021-02-01 00:43:00,248,235,
HV0003,B02617,2021-02-01 00:49:45,2021-02-01 01:34:58,136,132,
HV0003,B02764,2021-02-01 00:18:44,2021-02-01 00:26:30,89,123,
HV0003,B02764,2021-02-01 00:35:26,2021-02-01 00:48:08,21,123,
HV0003,B02867,2021-02-01 00:16:53,2021-02-01 00:29:12,28,205,
HV0003,B02867,2021-02-01 00:39:16,2021-02-01 00:50:27,139,219,
HV0005,B02510,2021-02-01 00:33:51,2021-02-01 01:11:07,195,76,
HV0003,B02764,2021-02-01 00:23:19,2021-02-01 00:54:09,244,82,
HV0003,B02682,2021-02-01 00:17:14,2021-02-01 00:41:10,26,14,
HV0005,B02510,2021-02-01 00:37:12,2021-02-01 01:02:05,119,18,
HV0005,B02510,2021-02-01 00:03:02,2021-02-01 00:09:57,239,239,
HV0005,B02510,2021-02-01 00:13:29,2021-02-01 00:52:53,238,80,
HV0005,B02510,2021-02-01 00:13:47,2021-02-01 00:17:44,129,70,
HV0005,B02510,2021-02-01 00:30:09,2021-02-01 00:35:29,53,92,
HV0005,B02510,2021-02-01 00:42:00,2021-02-01 01:30:13,92,139,
HV0003,B02879,2021-02-01 00:37:51,2021-02-01 00:49:48,42,42,
HV0003,B02879,2021-02-01 00:58:54,2021-02-01 01:11:45,247,78,
HV0003,B02764,2021-02-01 00:19:03,2021-02-01 00:26:13,80,36,
HV0003,B02764,2021-02-01 00:31:08,2021-02-01 00:45:32,36,37,
HV0003,B02764,2021-02-01 00:53:11,2021-02-01 01:00:47,37,177,
HV0003,B02875,2021-02-01 00:34:06,2021-02-01 00:45:52,102,36,
HV0003,B02875,2021-02-01 00:53:50,2021-02-01 01:21:35,36,216,
HV0005,B02510,2021-02-01 00:25:45,2021-02-01 00:41:19,95,129,
HV0005,B02510,2021-02-01 00:32:07,2021-02-01 00:58:49,148,169,
HV0003,B02875,2021-02-01 00:02:59,2021-02-01 00:23:59,225,232,
HV0005,B02510,2021-02-01 00:33:59,2021-02-01 01:00:22,113,41,
HV0003,B02764,2021-02-01 00:04:51,2021-02-01 00:09:12,39,39,
HV0003,B02764,2021-02-01 00:15:13,2021-02-01 00:17:25,39,39,
HV0003,B02764,2021-02-01 00:23:45,2021-02-01 00:31:35,39,39,
HV0003,B02764,2021-02-01 00:41:57,2021-02-01 00:49:10,39,91,
HV0003,B02764,2021-02-01 00:54:13,2021-02-01 01:04:02,91,39,
HV0003,B02877,2021-02-01 00:26:48,2021-02-01 00:31:36,186,48,
HV0005,B02510,2021-02-01 00:08:49,2021-02-01 00:36:25,79,244,
HV0005,B02510,2021-02-01 00:20:37,2021-02-01 00:34:06,69,147,
HV0003,B02878,2021-02-01 00:11:30,2021-02-01 00:39:41,37,71,
HV0003,B02878,2021-02-01 00:43:26,2021-02-01 01:05:47,71,225,
HV0003,B02882,2021-02-01 00:21:22,2021-02-01 00:33:01,134,216,
HV0003,B02882,2021-02-01 00:42:46,2021-02-01 00:59:53,180,197,
HV0005,B02510,2021-02-01 00:10:02,2021-02-01 00:22:35,217,225,
HV0005,B02510,2021-02-01 00:31:28,2021-02-01 00:35:19,225,225,
HV0005,B02510,2021-02-01 00:40:02,2021-02-01 00:53:21,225,177,
HV0005,B02510,2021-02-01 00:05:54,2021-02-01 00:40:22,57,265,
HV0005,B02510,2021-02-01 00:27:15,2021-02-01 00:53:19,155,123,
HV0005,B02510,2021-02-01 00:19:02,2021-02-01 00:28:26,48,107,
HV0005,B02510,2021-02-01 00:35:35,2021-02-01 00:47:15,90,48,
HV0005,B02510,2021-02-01 00:50:07,2021-02-01 01:06:48,50,141,
HV0003,B02887,2021-02-01 00:09:59,2021-02-01 00:22:34,173,95,
HV0003,B02887,2021-02-01 00:29:38,2021-02-01 00:45:36,56,53,
HV0003,B02887,2021-02-01 00:49:11,2021-02-01 01:21:25,53,258,
HV0003,B02887,2021-02-01 00:07:29,2021-02-01 00:25:38,181,71,
HV0003,B02887,2021-02-01 00:31:32,2021-02-01 00:37:45,71,188,
HV0003,B02887,2021-02-01 00:42:50,2021-02-01 00:44:14,62,62,
HV0003,B02682,2021-02-01 00:10:49,2021-02-01 00:29:31,174,235,
HV0003,B02682,2021-02-01 00:44:24,2021-02-01 00:50:20,235,119,
HV0003,B02682,2021-02-01 00:55:40,2021-02-01 01:14:06,247,213,
HV0003,B02682,2021-02-01 00:29:13,2021-02-01 00:45:59,148,65,
HV0003,B02682,2021-02-01 00:53:39,2021-02-01 01:23:57,97,113,
HV0005,B02510,2021-02-01 00:27:45,2021-02-01 01:27:33,206,161,
HV0003,B02866,2021-02-01 00:00:09,2021-02-01 00:09:54,173,129,
HV0003,B02866,2021-02-01 00:16:25,2021-02-01 00:40:40,129,75,
HV0003,B02866,2021-02-01 00:48:48,2021-02-01 01:08:40,75,248,
HV0003,B02836,2021-02-01 00:13:48,2021-02-01 00:35:04,89,189,
HV0003,B02836,2021-02-01 00:42:31,2021-02-01 00:47:52,189,181,
HV0005,B02510,2021-02-01 00:09:23,2021-02-01 00:38:46,188,65,
HV0005,B02510,2021-02-01 00:39:48,2021-02-01 01:30:45,65,259,
HV0005,B02510,2021-02-01 00:01:05,2021-02-01 00:18:40,7,192,
HV0005,B02510,2021-02-01 00:23:17,2021-02-01 00:52:21,92,180,
HV0003,B02764,2021-02-01 00:24:07,2021-02-01 00:43:34,238,244,
HV0003,B02865,2021-02-01 00:07:15,2021-02-01 00:14:12,215,10,
HV0003,B02865,2021-02-01 00:19:29,2021-02-01 00:39:16,218,86,
HV0003,B02865,2021-02-01 00:43:26,2021-02-01 00:45:58,86,86,
HV0003,B02865,2021-02-01 00:54:13,2021-02-01 01:34:58,117,71,
HV0003,B02878,2021-02-01 00:19:05,2021-02-01 00:26:20,198,157,
HV0003,B02878,2021-02-01 00:32:55,2021-02-01 00:38:49,226,83,
HV0003,B02878,2021-02-01 00:45:53,2021-02-01 01:01:18,157,173,
HV0003,B02764,2021-02-01 00:37:01,2021-02-01 00:42:25,230,48,
HV0003,B02764,2021-02-01 00:51:47,2021-02-01 01:02:02,230,141,
HV0003,B02872,2021-02-01 00:07:09,2021-02-01 00:14:33,89,91,
HV0003,B02872,2021-02-01 00:19:00,2021-02-01 00:35:52,91,72,
HV0003,B02872,2021-02-01 00:44:43,2021-02-01 00:58:15,72,61,
HV0003,B02872,2021-02-01 00:19:10,2021-02-01 00:43:28,173,219,
HV0003,B02764,2021-02-01 00:34:06,2021-02-01 00:49:12,26,26,
HV0005,B02510,2021-02-01 00:52:17,2021-02-01 01:06:52,197,63,
HV0003,B02836,2021-02-01 00:17:01,2021-02-01 00:31:17,205,10,
HV0003,B02836,2021-02-01 00:20:00,2021-02-01 00:38:05,46,208,
HV0005,B02510,2021-02-01 00:27:08,2021-02-01 00:40:34,116,168,
HV0005,B02510,2021-02-01 00:53:05,2021-02-01 01:04:35,159,42,
HV0003,B02883,2021-02-01 00:04:51,2021-02-01 00:16:32,183,126,
HV0003,B02883,2021-02-01 00:22:46,2021-02-01 00:29:20,126,159,
HV0003,B02883,2021-02-01 00:33:57,2021-02-01 00:40:04,147,167,
HV0003,B02883,2021-02-01 00:41:25,2021-02-01 00:55:58,60,247,
HV0005,B02510,2021-02-01 00:49:04,2021-02-01 00:59:25,189,188,
HV0003,B02875,2021-02-01 00:06:44,2021-02-01 00:12:54,18,169,
HV0003,B02875,2021-02-01 00:30:44,2021-02-01 00:39:25,94,235,
HV0003,B02875,2021-02-01 00:51:21,2021-02-01 01:18:43,169,48,
HV0003,B02764,2021-02-01 00:05:47,2021-02-01 00:18:30,244,169,
HV0003,B02764,2021-02-01 00:28:51,2021-02-01 00:33:41,169,169,
HV0005,B02510,2021-02-01 00:35:31,2021-02-01 00:56:24,17,35,
HV0003,B02872,2021-02-01 00:16:19,2021-02-01 00:22:41,189,61,
HV0003,B02764,2021-02-01 00:03:01,2021-02-01 00:18:09,107,75,
HV0003,B02764,2021-02-01 00:29:33,2021-02-01 00:38:04,239,50,
HV0003,B02764,2021-02-01 00:44:41,2021-02-01 00:50:46,163,50,
HV0003,B02872,2021-02-01 00:04:11,2021-02-01 00:16:34,69,167,
HV0003,B02872,2021-02-01 00:53:42,2021-02-01 01:03:07,140,107,
HV0003,B02887,2021-02-01 00:11:05,2021-02-01 00:33:57,116,238,
HV0003,B02887,2021-02-01 00:37:16,2021-02-01 00:59:22,238,69,
HV0003,B02866,2021-02-01 00:17:11,2021-02-01 00:28:56,26,89,
HV0003,B02866,2021-02-01 00:34:04,2021-02-01 00:49:24,89,165,
HV0003,B02866,2021-02-01 00:52:58,2021-02-01 01:02:28,91,71,
HV0003,B02869,2021-02-01 00:17:23,2021-02-01 00:42:13,77,17,
HV0003,B02869,2021-02-01 00:47:22,2021-02-01 01:09:11,17,85,
HV0005,B02510,2021-02-01 00:27:53,2021-02-01 00:46:27,255,249,
HV0005,B02510,2021-02-01 00:59:10,2021-02-01 01:16:40,231,83,
HV0005,B02510,2021-02-01 00:12:46,2021-02-01 00:23:13,20,78,
HV0005,B02510,2021-02-01 00:36:56,2021-02-01 00:47:48,167,78,
HV0005,B02510,2021-02-01 00:57:16,2021-02-01 01:23:23,169,169,
HV0003,B02869,2021-02-01 00:10:56,2021-02-01 00:35:22,125,263,
HV0003,B02869,2021-02-01 00:42:20,2021-02-01 00:58:39,263,186,
HV0005,B02510,2021-02-01 00:20:14,2021-02-01 00:37:15,89,61,
HV0005,B02510,2021-02-01 00:44:27,2021-02-01 00:55:25,188,61,
HV0003,B02879,2021-02-01 00:01:55,2021-02-01 00:32:27,216,37,
HV0003,B02879,2021-02-01 00:38:19,2021-02-01 00:56:05,37,255,
HV0005,B02510,2021-02-01 00:06:40,2021-02-01 00:32:59,138,65,
HV0005,B02510,2021-02-01 00:39:31,2021-02-01 01:17:25,65,71,
HV0005,B02510,2021-02-01 00:10:59,2021-02-01 00:18:21,106,181,
HV0005,B02510,2021-02-01 00:30:33,2021-02-01 00:36:03,189,97,
HV0003,B02764,2021-02-01 00:41:25,2021-02-01 00:56:19,97,61,
HV0005,B02510,2021-02-01 00:43:31,2021-02-01 02:06:05,212,265,
HV0005,B02510,2021-02-01 00:07:24,2021-02-01 00:24:38,116,265,
HV0005,B02510,2021-02-01 00:45:04,2021-02-01 00:58:02,247,213,
HV0003,B02617,2021-02-01 00:22:13,2021-02-01 00:28:22,223,7,
HV0003,B02617,2021-02-01 00:33:14,2021-02-01 01:08:31,7,37,
HV0005,B02510,2021-02-01 00:44:24,2021-02-01 01:20:11,87,72,
HV0003,B02835,2021-02-01 00:16:55,2021-02-01 00:43:16,181,229,
HV0003,B02835,2021-02-01 00:47:04,2021-02-01 01:08:54,141,243,
HV0005,B02510,2021-02-01 00:23:50,2021-02-01 00:28:14,90,68,
HV0005,B02510,2021-02-01 00:46:28,2021-02-01 00:57:33,137,209,
HV0003,B02835,2021-02-01 00:05:43,2021-02-01 00:08:32,239,238,
HV0003,B02870,2021-02-01 00:23:43,2021-02-01 00:38:42,18,78,
HV0003,B02870,2021-02-01 00:43:55,2021-02-01 00:49:03,78,242,
HV0003,B02870,2021-02-01 00:53:32,2021-02-01 01:01:04,78,182,
HV0003,B02395,2021-02-01 00:01:59,2021-02-01 00:06:41,14,14,
HV0005,B02510,2021-02-01 00:03:48,2021-02-01 00:14:07,7,173,
HV0005,B02510,2021-02-01 00:19:56,2021-02-01 00:48:51,70,230,
HV0005,B02510,2021-02-01 00:54:32,2021-02-01 01:34:19,48,64,
HV0005,B02510,2021-02-01 00:06:15,2021-02-01 00:17:11,32,185,
HV0003,B02866,2021-02-01 00:16:09,2021-02-01 00:29:54,177,35,
HV0003,B02866,2021-02-01 00:35:07,2021-02-01 00:44:18,35,76,
HV0003,B02866,2021-02-01 00:51:26,2021-02-01 00:54:54,63,63,
HV0003,B02866,2021-02-01 00:58:40,2021-02-01 01:07:31,63,198,
HV0003,B02875,2021-02-01 00:00:09,2021-02-01 00:24:07,186,24,
HV0003,B02875,2021-02-01 00:30:03,2021-02-01 00:46:59,151,74,
HV0005,B02510,2021-02-01 00:21:22,2021-02-01 00:46:52,159,241,
HV0005,B02510,2021-02-01 00:50:13,2021-02-01 01:01:17,18,185,
HV0005,B02510,2021-02-01 00:05:01,2021-02-01 00:17:08,61,17,
HV0005,B02510,2021-02-01 00:25:17,2021-02-01 00:33:36,17,256,
HV0005,B02510,2021-02-01 00:39:39,2021-02-01 00:59:05,256,198,
HV0005,B02510,2021-02-01 00:10:08,2021-02-01 00:16:39,197,215,
HV0005,B02510,2021-02-01 00:18:11,2021-02-01 00:31:41,215,258,
HV0005,B02510,2021-02-01 00:43:46,2021-02-01 01:09:00,216,35,
HV0005,B02510,2021-02-01 00:10:57,2021-02-01 00:29:18,238,220,
HV0005,B02510,2021-02-01 00:34:39,2021-02-01 00:48:09,241,169,
HV0005,B02510,2021-02-01 00:55:16,2021-02-01 01:07:58,169,69,
HV0003,B02682,2021-02-01 00:00:12,2021-02-01 00:15:39,100,231,
HV0003,B02682,2021-02-01 00:20:22,2021-02-01 00:44:12,231,189,
HV0003,B02682,2021-02-01 00:49:37,2021-02-01 01:02:14,189,17,
HV0005,B02510,2021-02-01 00:18:08,2021-02-01 00:22:38,97,25,
HV0005,B02510,2021-02-01 00:30:54,2021-02-01 00:43:38,97,54,
HV0005,B02510,2021-02-01 00:36:37,2021-02-01 01:07:20,61,79,
HV0003,B02512,2021-02-01 00:14:18,2021-02-01 00:21:45,61,35,
HV0004,B02800,2021-02-01 00:52:20,2021-02-01 01:27:55,146,177,
HV0003,B02879,2021-02-01 00:08:33,2021-02-01 00:25:14,235,20,
HV0003,B02879,2021-02-01 00:33:27,2021-02-01 00:44:24,94,241,
HV0003,B02879,2021-02-01 00:55:16,2021-02-01 01:04:40,18,18,
HV0005,B02510,2021-02-01 00:51:58,2021-02-01 00:57:17,230,186,
HV0003,B02835,2021-02-01 00:14:56,2021-02-01 00:37:11,181,249,
HV0005,B02510,2021-02-01 00:01:23,2021-02-01 00:26:14,114,49,
HV0005,B02510,2021-02-01 00:43:32,2021-02-01 01:03:28,256,137,
HV0003,B02887,2021-02-01 00:10:47,2021-02-01 00:25:44,177,76,
HV0003,B02765,2021-02-01 00:17:10,2021-02-01 00:32:21,163,263,
HV0003,B02765,2021-02-01 00:57:35,2021-02-01 01:25:10,237,223,
HV0005,B02510,2021-02-01 00:41:43,2021-02-01 01:10:20,244,129,
HV0003,B02864,2021-02-01 00:04:35,2021-02-01 00:10:53,20,18,
HV0003,B02864,2021-02-01 00:17:10,2021-02-01 00:35:18,18,244,
HV0003,B02878,2021-02-01 00:09:36,2021-02-01 00:34:36,124,210,
HV0003,B02878,2021-02-01 00:43:26,2021-02-01 01:01:16,210,108,
HV0003,B02764,2021-02-01 00:17:39,2021-02-01 00:21:26,89,85,
HV0003,B02764,2021-02-01 00:25:39,2021-02-01 00:39:47,85,133,
HV0003,B02764,2021-02-01 00:45:03,2021-02-01 00:52:56,133,89,
HV0005,B02510,2021-02-01 00:58:37,2021-02-01 01:02:15,48,246,
HV0003,B02872,2021-02-01 00:11:24,2021-02-01 00:27:11,90,144,
HV0003,B02872,2021-02-01 00:35:49,2021-02-01 00:40:59,79,144,
HV0005,B02510,2021-02-01 00:16:35,2021-02-01 00:41:17,254,208,
HV0005,B02510,2021-02-01 00:42:49,2021-02-01 00:57:57,208,240,
HV0003,B02682,2021-02-01 00:23:08,2021-02-01 00:41:46,165,188,
HV0003,B02682,2021-02-01 00:46:25,2021-02-01 00:55:23,188,61,
